country,grid,mgcost,tier,metric,value
BFA,leastcost,optimistic,1,existing,4423413.2739
BFA,leastcost,optimistic,2,existing,4423413.2739
BFA,leastcost,optimistic,3,existing,4423413.2739
BFA,leastcost,optimistic,4,existing,4423413.2739
BFA,leastcost,optimistic,5,existing,4423413.2739
BFA,leastcost,pessimistic,1,existing,4423413.2739
BFA,leastcost,pessimistic,2,existing,4423413.2739
BFA,leastcost,pessimistic,3,existing,4423413.2739
BFA,leastcost,pessimistic,4,existing,4423413.2739
BFA,leastcost,pessimistic,5,existing,4423413.2739
BFA,restricted,optimistic,1,existing,4423413.2739
BFA,restricted,optimistic,2,existing,4423413.2739
BFA,restricted,optimistic,3,existing,4423413.2739
BFA,restricted,optimistic,4,existing,4423413.2739
BFA,restricted,optimistic,5,existing,4423413.2739
BFA,restricted,pessimistic,1,existing,4423413.2739
BFA,restricted,pessimistic,2,existing,4423413.2739
BFA,restricted,pessimistic,3,existing,4423413.2739
BFA,restricted,pessimistic,4,existing,4423413.2739
BFA,restricted,pessimistic,5,existing,4423413.2739
BFA,leastcost,optimistic,1,grid_densification,3016114.2565
BFA,leastcost,optimistic,2,grid_densification,3016114.2565
BFA,leastcost,optimistic,3,grid_densification,3016114.2565
BFA,leastcost,optimistic,4,grid_densification,3016114.2565
BFA,leastcost,optimistic,5,grid_densification,3016114.2565
BFA,leastcost,pessimistic,1,grid_densification,3016114.2565
BFA,leastcost,pessimistic,2,grid_densification,3016114.2565
BFA,leastcost,pessimistic,3,grid_densification,3016114.2565
BFA,leastcost,pessimistic,4,grid_densification,3016114.2565
BFA,leastcost,pessimistic,5,grid_densification,3016114.2565
BFA,restricted,optimistic,1,grid_densification,3016114.2565
BFA,restricted,optimistic,2,grid_densification,3016114.2565
BFA,restricted,optimistic,3,grid_densification,3016114.2565
BFA,restricted,optimistic,4,grid_densification,3016114.2565
BFA,restricted,optimistic,5,grid_densification,3016114.2565
BFA,restricted,pessimistic,1,grid_densification,3016114.2565
BFA,restricted,pessimistic,2,grid_densification,3016114.2565
BFA,restricted,pessimistic,3,grid_densification,3016114.2565
BFA,restricted,pessimistic,4,grid_densification,3016114.2565
BFA,restricted,pessimistic,5,grid_densification,3016114.2565
BFA,leastcost,optimistic,1,grid_extension,0.0
BFA,leastcost,optimistic,2,grid_extension,7731117.6753
BFA,leastcost,optimistic,3,grid_extension,11163446.6309
BFA,leastcost,optimistic,4,grid_extension,15027671.8047
BFA,leastcost,optimistic,5,grid_extension,14351780.0323
BFA,leastcost,pessimistic,1,grid_extension,0.0
BFA,leastcost,pessimistic,2,grid_extension,8826755.2981
BFA,leastcost,pessimistic,3,grid_extension,14246672.7718
BFA,leastcost,pessimistic,4,grid_extension,18286379.7762
BFA,leastcost,pessimistic,5,grid_extension,16709280.1027
BFA,restricted,optimistic,1,grid_extension,0.0
BFA,restricted,optimistic,2,grid_extension,1106373.246
BFA,restricted,optimistic,3,grid_extension,1622709.927
BFA,restricted,optimistic,4,grid_extension,1634105.86
BFA,restricted,optimistic,5,grid_extension,1634210.6222
BFA,restricted,pessimistic,1,grid_extension,0.0
BFA,restricted,pessimistic,2,grid_extension,1598443.1645
BFA,restricted,pessimistic,3,grid_extension,1634196.6647
BFA,restricted,pessimistic,4,grid_extension,1660223.1089
BFA,restricted,pessimistic,5,grid_extension,1660213.1379
BFA,leastcost,optimistic,1,minigrid,0.0
BFA,leastcost,optimistic,2,minigrid,3217916.3896
BFA,leastcost,optimistic,3,minigrid,5984701.9657
BFA,leastcost,optimistic,4,minigrid,4829192.724
BFA,leastcost,optimistic,5,minigrid,5732255.4373
BFA,leastcost,pessimistic,1,minigrid,0.0
BFA,leastcost,pessimistic,2,minigrid,21737.448
BFA,leastcost,pessimistic,3,minigrid,595220.1795
BFA,leastcost,pessimistic,4,minigrid,668365.4666
BFA,leastcost,pessimistic,5,minigrid,3374755.367
BFA,restricted,optimistic,1,minigrid,0.0
BFA,restricted,optimistic,2,minigrid,9837695.2749
BFA,restricted,optimistic,3,minigrid,15525438.6696
BFA,restricted,optimistic,4,minigrid,18222758.6688
BFA,restricted,optimistic,5,minigrid,18449824.8474
BFA,restricted,pessimistic,1,minigrid,0.0
BFA,restricted,pessimistic,2,minigrid,54720.4424
BFA,restricted,pessimistic,3,minigrid,12794214.1864
BFA,restricted,pessimistic,4,minigrid,17246784.5497
BFA,restricted,pessimistic,5,minigrid,18423822.3318
BFA,leastcost,optimistic,1,standalone,20084035.4696
BFA,leastcost,optimistic,2,standalone,9135001.4048
BFA,leastcost,optimistic,3,standalone,2935886.873
BFA,leastcost,optimistic,4,standalone,227170.9409
BFA,leastcost,optimistic,5,standalone,0.0
BFA,leastcost,pessimistic,1,standalone,20084035.4696
BFA,leastcost,pessimistic,2,standalone,11235542.7235
BFA,leastcost,pessimistic,3,standalone,5242142.5183
BFA,leastcost,pessimistic,4,standalone,1129290.2269
BFA,leastcost,pessimistic,5,standalone,0.0
BFA,restricted,optimistic,1,standalone,20084035.4696
BFA,restricted,optimistic,2,standalone,9139966.9487
BFA,restricted,optimistic,3,standalone,2935886.873
BFA,restricted,optimistic,4,standalone,227170.9409
BFA,restricted,optimistic,5,standalone,0.0
BFA,restricted,pessimistic,1,standalone,20084035.4696
BFA,restricted,pessimistic,2,standalone,18430871.8627
BFA,restricted,pessimistic,3,standalone,5655624.6186
BFA,restricted,pessimistic,4,standalone,1177027.8111
BFA,restricted,pessimistic,5,standalone,0.0
BFA,leastcost,optimistic,1,battery_mwh,0.0
BFA,leastcost,optimistic,2,battery_mwh,367.7563
BFA,leastcost,optimistic,3,battery_mwh,1152.1543
BFA,leastcost,optimistic,4,battery_mwh,2326.0846
BFA,leastcost,optimistic,5,battery_mwh,3308.4731
BFA,leastcost,pessimistic,1,battery_mwh,0.0
BFA,leastcost,pessimistic,2,battery_mwh,1.0947
BFA,leastcost,pessimistic,3,battery_mwh,131.4832
BFA,leastcost,pessimistic,4,battery_mwh,101.4335
BFA,leastcost,pessimistic,5,battery_mwh,368.3895
BFA,restricted,optimistic,1,battery_mwh,0.0
BFA,restricted,optimistic,2,battery_mwh,1247.6087
BFA,restricted,optimistic,3,battery_mwh,5291.6499
BFA,restricted,optimistic,4,battery_mwh,15729.2824
BFA,restricted,optimistic,5,battery_mwh,24957.3261
BFA,restricted,pessimistic,1,battery_mwh,0.0
BFA,restricted,pessimistic,2,battery_mwh,3.2864
BFA,restricted,pessimistic,3,battery_mwh,3932.6599
BFA,restricted,pessimistic,4,battery_mwh,10971.7596
BFA,restricted,pessimistic,5,battery_mwh,17948.5187
BFA,leastcost,optimistic,1,vos_investment_usd_m,0.0
BFA,leastcost,optimistic,2,vos_investment_usd_m,-38.5017
BFA,leastcost,optimistic,3,vos_investment_usd_m,-136.0694
BFA,leastcost,optimistic,4,vos_investment_usd_m,-284.5647
BFA,leastcost,optimistic,5,vos_investment_usd_m,-419.4284
BFA,leastcost,pessimistic,1,vos_investment_usd_m,0.0
BFA,leastcost,pessimistic,2,vos_investment_usd_m,-0.2844
BFA,leastcost,pessimistic,3,vos_investment_usd_m,-39.4806
BFA,leastcost,pessimistic,4,vos_investment_usd_m,-31.9725
BFA,leastcost,pessimistic,5,vos_investment_usd_m,-115.4294
BFA,restricted,optimistic,1,vos_investment_usd_m,0.0
BFA,restricted,optimistic,2,vos_investment_usd_m,-107.6387
BFA,restricted,optimistic,3,vos_investment_usd_m,-599.3195
BFA,restricted,optimistic,4,vos_investment_usd_m,-2204.399
BFA,restricted,optimistic,5,vos_investment_usd_m,-3230.2123
BFA,restricted,pessimistic,1,vos_investment_usd_m,0.0
BFA,restricted,pessimistic,2,vos_investment_usd_m,-0.9695
BFA,restricted,pessimistic,3,vos_investment_usd_m,-1161.0907
BFA,restricted,pessimistic,4,vos_investment_usd_m,-3081.0285
BFA,restricted,pessimistic,5,vos_investment_usd_m,-5877.9938
BFA,leastcost,optimistic,1,vos_fuel_savings_usd_m,0.0
BFA,leastcost,optimistic,2,vos_fuel_savings_usd_m,146.4115
BFA,leastcost,optimistic,3,vos_fuel_savings_usd_m,431.845
BFA,leastcost,optimistic,4,vos_fuel_savings_usd_m,832.8669
BFA,leastcost,optimistic,5,vos_fuel_savings_usd_m,1145.5212
BFA,leastcost,pessimistic,1,vos_fuel_savings_usd_m,0.0
BFA,leastcost,pessimistic,2,vos_fuel_savings_usd_m,0.5398
BFA,leastcost,pessimistic,3,vos_fuel_savings_usd_m,59.915
BFA,leastcost,pessimistic,4,vos_fuel_savings_usd_m,44.5142
BFA,leastcost,pessimistic,5,vos_fuel_savings_usd_m,154.8956
BFA,restricted,optimistic,1,vos_fuel_savings_usd_m,0.0
BFA,restricted,optimistic,2,vos_fuel_savings_usd_m,470.0561
BFA,restricted,optimistic,3,vos_fuel_savings_usd_m,1848.1054
BFA,restricted,optimistic,4,vos_fuel_savings_usd_m,5875.5681
BFA,restricted,optimistic,5,vos_fuel_savings_usd_m,9079.0877
BFA,restricted,pessimistic,1,vos_fuel_savings_usd_m,0.0
BFA,restricted,pessimistic,2,vos_fuel_savings_usd_m,1.7544
BFA,restricted,pessimistic,3,vos_fuel_savings_usd_m,1569.5693
BFA,restricted,pessimistic,4,vos_fuel_savings_usd_m,4299.212
BFA,restricted,pessimistic,5,vos_fuel_savings_usd_m,7593.65
BFA,leastcost,optimistic,1,vos_om_savings_usd_m,0.0
BFA,leastcost,optimistic,2,vos_om_savings_usd_m,11.4408
BFA,leastcost,optimistic,3,vos_om_savings_usd_m,29.8381
BFA,leastcost,optimistic,4,vos_om_savings_usd_m,55.2404
BFA,leastcost,optimistic,5,vos_om_savings_usd_m,75.5793
BFA,leastcost,pessimistic,1,vos_om_savings_usd_m,0.0
BFA,leastcost,pessimistic,2,vos_om_savings_usd_m,0.0453
BFA,leastcost,pessimistic,3,vos_om_savings_usd_m,3.598
BFA,leastcost,pessimistic,4,vos_om_savings_usd_m,2.6909
BFA,leastcost,pessimistic,5,vos_om_savings_usd_m,9.7306
BFA,restricted,optimistic,1,vos_om_savings_usd_m,0.0
BFA,restricted,optimistic,2,vos_om_savings_usd_m,44.6761
BFA,restricted,optimistic,3,vos_om_savings_usd_m,134.8649
BFA,restricted,optimistic,4,vos_om_savings_usd_m,384.009
BFA,restricted,optimistic,5,vos_om_savings_usd_m,523.129
BFA,restricted,pessimistic,1,vos_om_savings_usd_m,0.0
BFA,restricted,pessimistic,2,vos_om_savings_usd_m,0.1488
BFA,restricted,pessimistic,3,vos_om_savings_usd_m,85.711
BFA,restricted,pessimistic,4,vos_om_savings_usd_m,314.1153
BFA,restricted,pessimistic,5,vos_om_savings_usd_m,457.359
BFA,leastcost,optimistic,1,vos_usd_m,0.0
BFA,leastcost,optimistic,2,vos_usd_m,119.3506
BFA,leastcost,optimistic,3,vos_usd_m,325.6136
BFA,leastcost,optimistic,4,vos_usd_m,603.5425
BFA,leastcost,optimistic,5,vos_usd_m,801.6721
BFA,leastcost,pessimistic,1,vos_usd_m,0.0
BFA,leastcost,pessimistic,2,vos_usd_m,0.3007
BFA,leastcost,pessimistic,3,vos_usd_m,24.0324
BFA,leastcost,pessimistic,4,vos_usd_m,15.2326
BFA,leastcost,pessimistic,5,vos_usd_m,49.1968
BFA,restricted,optimistic,1,vos_usd_m,0.0
BFA,restricted,optimistic,2,vos_usd_m,407.0935
BFA,restricted,optimistic,3,vos_usd_m,1383.6508
BFA,restricted,optimistic,4,vos_usd_m,4055.1781
BFA,restricted,optimistic,5,vos_usd_m,6372.0044
BFA,restricted,pessimistic,1,vos_usd_m,0.0
BFA,restricted,pessimistic,2,vos_usd_m,0.9337
BFA,restricted,pessimistic,3,vos_usd_m,494.1895
BFA,restricted,pessimistic,4,vos_usd_m,1532.33
BFA,restricted,pessimistic,5,vos_usd_m,2173.34
MLI,leastcost,optimistic,1,existing,14990835.4488
MLI,leastcost,optimistic,2,existing,14990835.4488
MLI,leastcost,optimistic,3,existing,14990835.4488
MLI,leastcost,optimistic,4,existing,14990835.4488
MLI,leastcost,optimistic,5,existing,14990835.4488
MLI,leastcost,pessimistic,1,existing,14990835.4488
MLI,leastcost,pessimistic,2,existing,14990835.4488
MLI,leastcost,pessimistic,3,existing,14990835.4488
MLI,leastcost,pessimistic,4,existing,14990835.4488
MLI,leastcost,pessimistic,5,existing,14990835.4488
MLI,restricted,optimistic,1,existing,14990835.4488
MLI,restricted,optimistic,2,existing,14990835.4488
MLI,restricted,optimistic,3,existing,14990835.4488
MLI,restricted,optimistic,4,existing,14990835.4488
MLI,restricted,optimistic,5,existing,14990835.4488
MLI,restricted,pessimistic,1,existing,14990835.4488
MLI,restricted,pessimistic,2,existing,14990835.4488
MLI,restricted,pessimistic,3,existing,14990835.4488
MLI,restricted,pessimistic,4,existing,14990835.4488
MLI,restricted,pessimistic,5,existing,14990835.4488
MLI,leastcost,optimistic,1,grid_densification,7661180.7703
MLI,leastcost,optimistic,2,grid_densification,7661180.7703
MLI,leastcost,optimistic,3,grid_densification,7661180.7703
MLI,leastcost,optimistic,4,grid_densification,7661180.7703
MLI,leastcost,optimistic,5,grid_densification,7661180.7703
MLI,leastcost,pessimistic,1,grid_densification,7661180.7703
MLI,leastcost,pessimistic,2,grid_densification,7661180.7703
MLI,leastcost,pessimistic,3,grid_densification,7661180.7703
MLI,leastcost,pessimistic,4,grid_densification,7661180.7703
MLI,leastcost,pessimistic,5,grid_densification,7661180.7703
MLI,restricted,optimistic,1,grid_densification,7661180.7703
MLI,restricted,optimistic,2,grid_densification,7661180.7703
MLI,restricted,optimistic,3,grid_densification,7661180.7703
MLI,restricted,optimistic,4,grid_densification,7661180.7703
MLI,restricted,optimistic,5,grid_densification,7661180.7703
MLI,restricted,pessimistic,1,grid_densification,7661180.7703
MLI,restricted,pessimistic,2,grid_densification,7661180.7703
MLI,restricted,pessimistic,3,grid_densification,7661180.7703
MLI,restricted,pessimistic,4,grid_densification,7661180.7703
MLI,restricted,pessimistic,5,grid_densification,7661180.7703
MLI,leastcost,optimistic,1,grid_extension,0.0
MLI,leastcost,optimistic,2,grid_extension,166526.9059
MLI,leastcost,optimistic,3,grid_extension,1579772.4109
MLI,leastcost,optimistic,4,grid_extension,3254053.0072
MLI,leastcost,optimistic,5,grid_extension,3562330.6726
MLI,leastcost,pessimistic,1,grid_extension,0.0
MLI,leastcost,pessimistic,2,grid_extension,669449.7121
MLI,leastcost,pessimistic,3,grid_extension,3256934.1847
MLI,leastcost,pessimistic,4,grid_extension,4189018.4032
MLI,leastcost,pessimistic,5,grid_extension,4568475.0497
MLI,restricted,optimistic,1,grid_extension,0.0
MLI,restricted,optimistic,2,grid_extension,0.0
MLI,restricted,optimistic,3,grid_extension,0.0
MLI,restricted,optimistic,4,grid_extension,0.0
MLI,restricted,optimistic,5,grid_extension,0.0
MLI,restricted,pessimistic,1,grid_extension,0.0
MLI,restricted,pessimistic,2,grid_extension,0.0
MLI,restricted,pessimistic,3,grid_extension,0.0
MLI,restricted,pessimistic,4,grid_extension,0.0
MLI,restricted,pessimistic,5,grid_extension,0.0
MLI,leastcost,optimistic,1,minigrid,0.0
MLI,leastcost,optimistic,2,minigrid,2478530.713
MLI,leastcost,optimistic,3,minigrid,2680636.9613
MLI,leastcost,optimistic,4,minigrid,2353193.4957
MLI,leastcost,optimistic,5,minigrid,2385960.823
MLI,leastcost,pessimistic,1,minigrid,0.0
MLI,leastcost,pessimistic,2,minigrid,33219.9766
MLI,leastcost,pessimistic,3,minigrid,531511.764
MLI,leastcost,pessimistic,4,minigrid,713101.2524
MLI,leastcost,pessimistic,5,minigrid,814690.2048
MLI,restricted,optimistic,1,minigrid,0.0
MLI,restricted,optimistic,2,minigrid,2629132.2917
MLI,restricted,optimistic,3,minigrid,4260409.3722
MLI,restricted,optimistic,4,minigrid,5607246.5029
MLI,restricted,optimistic,5,minigrid,5948291.4956
MLI,restricted,pessimistic,1,minigrid,0.0
MLI,restricted,pessimistic,2,minigrid,62181.1249
MLI,restricted,pessimistic,3,minigrid,3775772.6878
MLI,restricted,pessimistic,4,minigrid,4890747.7981
MLI,restricted,pessimistic,5,minigrid,5378098.8771
MLI,leastcost,optimistic,1,standalone,6060277.7809
MLI,leastcost,optimistic,2,standalone,3415220.162
MLI,leastcost,optimistic,3,standalone,1799868.4087
MLI,leastcost,optimistic,4,standalone,453031.278
MLI,leastcost,optimistic,5,standalone,111986.2853
MLI,leastcost,pessimistic,1,standalone,6060277.7809
MLI,leastcost,pessimistic,2,standalone,5357608.0922
MLI,leastcost,pessimistic,3,standalone,2271831.8322
MLI,leastcost,pessimistic,4,standalone,1158158.1253
MLI,leastcost,pessimistic,5,standalone,677112.5263
MLI,restricted,optimistic,1,standalone,6060277.7809
MLI,restricted,optimistic,2,standalone,3431145.4892
MLI,restricted,optimistic,3,standalone,1799868.4087
MLI,restricted,optimistic,4,standalone,453031.278
MLI,restricted,optimistic,5,standalone,111986.2853
MLI,restricted,pessimistic,1,standalone,6060277.7809
MLI,restricted,pessimistic,2,standalone,5998096.6559
MLI,restricted,pessimistic,3,standalone,2284505.093
MLI,restricted,pessimistic,4,standalone,1169529.9828
MLI,restricted,pessimistic,5,standalone,682178.9038
MLI,leastcost,optimistic,1,battery_mwh,0.0
MLI,leastcost,optimistic,2,battery_mwh,219.6564
MLI,leastcost,optimistic,3,battery_mwh,671.6858
MLI,leastcost,optimistic,4,battery_mwh,930.663
MLI,leastcost,optimistic,5,battery_mwh,1355.9071
MLI,leastcost,pessimistic,1,battery_mwh,0.0
MLI,leastcost,pessimistic,2,battery_mwh,0.0
MLI,leastcost,pessimistic,3,battery_mwh,108.4935
MLI,leastcost,pessimistic,4,battery_mwh,235.2373
MLI,leastcost,pessimistic,5,battery_mwh,346.6723
MLI,restricted,optimistic,1,battery_mwh,0.0
MLI,restricted,optimistic,2,battery_mwh,232.2527
MLI,restricted,optimistic,3,battery_mwh,1162.761
MLI,restricted,optimistic,4,battery_mwh,3605.5414
MLI,restricted,optimistic,5,battery_mwh,5529.4528
MLI,restricted,pessimistic,1,battery_mwh,0.0
MLI,restricted,pessimistic,2,battery_mwh,1.1681
MLI,restricted,pessimistic,3,battery_mwh,872.6984
MLI,restricted,pessimistic,4,battery_mwh,2701.396
MLI,restricted,pessimistic,5,battery_mwh,4066.886
MLI,leastcost,optimistic,1,vos_investment_usd_m,0.0
MLI,leastcost,optimistic,2,vos_investment_usd_m,-23.599
MLI,leastcost,optimistic,3,vos_investment_usd_m,-80.3395
MLI,leastcost,optimistic,4,vos_investment_usd_m,-116.569
MLI,leastcost,optimistic,5,vos_investment_usd_m,-167.0381
MLI,leastcost,pessimistic,1,vos_investment_usd_m,0.0
MLI,leastcost,pessimistic,2,vos_investment_usd_m,0.0
MLI,leastcost,pessimistic,3,vos_investment_usd_m,-31.9582
MLI,leastcost,pessimistic,4,vos_investment_usd_m,-70.8136
MLI,leastcost,pessimistic,5,vos_investment_usd_m,-102.1552
MLI,restricted,optimistic,1,vos_investment_usd_m,0.0
MLI,restricted,optimistic,2,vos_investment_usd_m,-24.5453
MLI,restricted,optimistic,3,vos_investment_usd_m,-141.098
MLI,restricted,optimistic,4,vos_investment_usd_m,-458.3536
MLI,restricted,optimistic,5,vos_investment_usd_m,-696.4166
MLI,restricted,pessimistic,1,vos_investment_usd_m,0.0
MLI,restricted,pessimistic,2,vos_investment_usd_m,-0.3886
MLI,restricted,pessimistic,3,vos_investment_usd_m,-251.7779
MLI,restricted,pessimistic,4,vos_investment_usd_m,-813.7803
MLI,restricted,pessimistic,5,vos_investment_usd_m,-1236.4838
MLI,leastcost,optimistic,1,vos_fuel_savings_usd_m,0.0
MLI,leastcost,optimistic,2,vos_fuel_savings_usd_m,98.646
MLI,leastcost,optimistic,3,vos_fuel_savings_usd_m,284.6655
MLI,leastcost,optimistic,4,vos_fuel_savings_usd_m,381.4986
MLI,leastcost,optimistic,5,vos_fuel_savings_usd_m,551.0541
MLI,leastcost,pessimistic,1,vos_fuel_savings_usd_m,0.0
MLI,leastcost,pessimistic,2,vos_fuel_savings_usd_m,0.0
MLI,leastcost,pessimistic,3,vos_fuel_savings_usd_m,54.8893
MLI,leastcost,pessimistic,4,vos_fuel_savings_usd_m,112.9889
MLI,leastcost,pessimistic,5,vos_fuel_savings_usd_m,163.8431
MLI,restricted,optimistic,1,vos_fuel_savings_usd_m,0.0
MLI,restricted,optimistic,2,vos_fuel_savings_usd_m,103.0415
MLI,restricted,optimistic,3,vos_fuel_savings_usd_m,497.2057
MLI,restricted,optimistic,4,vos_fuel_savings_usd_m,1471.6604
MLI,restricted,optimistic,5,vos_fuel_savings_usd_m,2246.0048
MLI,restricted,pessimistic,1,vos_fuel_savings_usd_m,0.0
MLI,restricted,pessimistic,2,vos_fuel_savings_usd_m,0.7168
MLI,restricted,pessimistic,3,vos_fuel_savings_usd_m,424.7577
MLI,restricted,pessimistic,4,vos_fuel_savings_usd_m,1265.7874
MLI,restricted,pessimistic,5,vos_fuel_savings_usd_m,1924.7195
MLI,leastcost,optimistic,1,vos_om_savings_usd_m,0.0
MLI,leastcost,optimistic,2,vos_om_savings_usd_m,6.5375
MLI,leastcost,optimistic,3,vos_om_savings_usd_m,17.0077
MLI,leastcost,optimistic,4,vos_om_savings_usd_m,21.5008
MLI,leastcost,optimistic,5,vos_om_savings_usd_m,31.357
MLI,leastcost,pessimistic,1,vos_om_savings_usd_m,0.0
MLI,leastcost,pessimistic,2,vos_om_savings_usd_m,0.0
MLI,leastcost,pessimistic,3,vos_om_savings_usd_m,2.6161
MLI,leastcost,pessimistic,4,vos_om_savings_usd_m,5.6664
MLI,leastcost,pessimistic,5,vos_om_savings_usd_m,8.1541
MLI,restricted,optimistic,1,vos_om_savings_usd_m,0.0
MLI,restricted,optimistic,2,vos_om_savings_usd_m,6.9353
MLI,restricted,optimistic,3,vos_om_savings_usd_m,29.6607
MLI,restricted,optimistic,4,vos_om_savings_usd_m,85.5667
MLI,restricted,optimistic,5,vos_om_savings_usd_m,131.4372
MLI,restricted,pessimistic,1,vos_om_savings_usd_m,0.0
MLI,restricted,pessimistic,2,vos_om_savings_usd_m,0.0436
MLI,restricted,pessimistic,3,vos_om_savings_usd_m,21.8196
MLI,restricted,pessimistic,4,vos_om_savings_usd_m,63.518
MLI,restricted,pessimistic,5,vos_om_savings_usd_m,96.6408
MLI,leastcost,optimistic,1,vos_usd_m,0.0
MLI,leastcost,optimistic,2,vos_usd_m,81.5845
MLI,leastcost,optimistic,3,vos_usd_m,221.3337
MLI,leastcost,optimistic,4,vos_usd_m,286.4304
MLI,leastcost,optimistic,5,vos_usd_m,415.373
MLI,leastcost,pessimistic,1,vos_usd_m,0.0
MLI,leastcost,pessimistic,2,vos_usd_m,0.0
MLI,leastcost,pessimistic,3,vos_usd_m,25.5473
MLI,leastcost,pessimistic,4,vos_usd_m,47.8416
MLI,leastcost,pessimistic,5,vos_usd_m,69.842
MLI,restricted,optimistic,1,vos_usd_m,0.0
MLI,restricted,optimistic,2,vos_usd_m,85.4315
MLI,restricted,optimistic,3,vos_usd_m,385.7684
MLI,restricted,optimistic,4,vos_usd_m,1098.8734
MLI,restricted,optimistic,5,vos_usd_m,1681.0254
MLI,restricted,pessimistic,1,vos_usd_m,0.0
MLI,restricted,pessimistic,2,vos_usd_m,0.3718
MLI,restricted,pessimistic,3,vos_usd_m,194.7995
MLI,restricted,pessimistic,4,vos_usd_m,515.5251
MLI,restricted,pessimistic,5,vos_usd_m,784.8765
NGA,leastcost,optimistic,1,existing,135990742.8216
NGA,leastcost,optimistic,2,existing,135990742.8216
NGA,leastcost,optimistic,3,existing,135990742.8216
NGA,leastcost,optimistic,4,existing,135990742.8216
NGA,leastcost,optimistic,5,existing,135990742.8216
NGA,leastcost,pessimistic,1,existing,135990742.8216
NGA,leastcost,pessimistic,2,existing,135990742.8216
NGA,leastcost,pessimistic,3,existing,135990742.8216
NGA,leastcost,pessimistic,4,existing,135990742.8216
NGA,leastcost,pessimistic,5,existing,135990742.8216
NGA,restricted,optimistic,1,existing,135990742.8216
NGA,restricted,optimistic,2,existing,135990742.8216
NGA,restricted,optimistic,3,existing,135990742.8216
NGA,restricted,optimistic,4,existing,135990742.8216
NGA,restricted,optimistic,5,existing,135990742.8216
NGA,restricted,pessimistic,1,existing,135990742.8216
NGA,restricted,pessimistic,2,existing,135990742.8216
NGA,restricted,pessimistic,3,existing,135990742.8216
NGA,restricted,pessimistic,4,existing,135990742.8216
NGA,restricted,pessimistic,5,existing,135990742.8216
NGA,leastcost,optimistic,1,grid_densification,35958777.228
NGA,leastcost,optimistic,2,grid_densification,35958777.228
NGA,leastcost,optimistic,3,grid_densification,35958777.228
NGA,leastcost,optimistic,4,grid_densification,35958777.228
NGA,leastcost,optimistic,5,grid_densification,35958777.228
NGA,leastcost,pessimistic,1,grid_densification,35958777.228
NGA,leastcost,pessimistic,2,grid_densification,35958777.228
NGA,leastcost,pessimistic,3,grid_densification,35958777.228
NGA,leastcost,pessimistic,4,grid_densification,35958777.228
NGA,leastcost,pessimistic,5,grid_densification,35958777.228
NGA,restricted,optimistic,1,grid_densification,35958777.228
NGA,restricted,optimistic,2,grid_densification,35958777.228
NGA,restricted,optimistic,3,grid_densification,35958777.228
NGA,restricted,optimistic,4,grid_densification,35958777.228
NGA,restricted,optimistic,5,grid_densification,35958777.228
NGA,restricted,pessimistic,1,grid_densification,35958777.228
NGA,restricted,pessimistic,2,grid_densification,35958777.228
NGA,restricted,pessimistic,3,grid_densification,35958777.228
NGA,restricted,pessimistic,4,grid_densification,35958777.228
NGA,restricted,pessimistic,5,grid_densification,35958777.228
NGA,leastcost,optimistic,1,grid_extension,74667.8823
NGA,leastcost,optimistic,2,grid_extension,49152705.8596
NGA,leastcost,optimistic,3,grid_extension,68712406.7353
NGA,leastcost,optimistic,4,grid_extension,81228227.9275
NGA,leastcost,optimistic,5,grid_extension,81290153.1429
NGA,leastcost,pessimistic,1,grid_extension,138438.8767
NGA,leastcost,pessimistic,2,grid_extension,58027669.0714
NGA,leastcost,pessimistic,3,grid_extension,78153540.2768
NGA,leastcost,pessimistic,4,grid_extension,87331651.1042
NGA,leastcost,pessimistic,5,grid_extension,85566000.2585
NGA,restricted,optimistic,1,grid_extension,0.0
NGA,restricted,optimistic,2,grid_extension,5041934.0734
NGA,restricted,optimistic,3,grid_extension,7514658.9938
NGA,restricted,optimistic,4,grid_extension,7025700.0489
NGA,restricted,optimistic,5,grid_extension,7642994.8597
NGA,restricted,pessimistic,1,grid_extension,138438.8767
NGA,restricted,pessimistic,2,grid_extension,5628185.7407
NGA,restricted,pessimistic,3,grid_extension,6893705.7205
NGA,restricted,pessimistic,4,grid_extension,7495457.5627
NGA,restricted,pessimistic,5,grid_extension,7451967.845
NGA,leastcost,optimistic,1,minigrid,269184.7626
NGA,leastcost,optimistic,2,minigrid,17059879.3598
NGA,leastcost,optimistic,3,minigrid,15936018.0304
NGA,leastcost,optimistic,4,minigrid,8612225.1406
NGA,leastcost,optimistic,5,minigrid,9340703.1679
NGA,leastcost,pessimistic,1,minigrid,4313.7455
NGA,leastcost,pessimistic,2,minigrid,2928890.3298
NGA,leastcost,pessimistic,3,minigrid,1838496.0451
NGA,leastcost,pessimistic,4,minigrid,806096.1542
NGA,leastcost,pessimistic,5,minigrid,5064755.9328
NGA,restricted,optimistic,1,minigrid,325348.5862
NGA,restricted,optimistic,2,minigrid,60979923.9577
NGA,restricted,optimistic,3,minigrid,77133680.0321
NGA,restricted,optimistic,4,minigrid,82814753.0192
NGA,restricted,optimistic,5,minigrid,82987861.4511
NGA,restricted,pessimistic,1,minigrid,4313.7455
NGA,restricted,pessimistic,2,minigrid,47287318.7143
NGA,restricted,pessimistic,3,minigrid,71358347.6902
NGA,restricted,pessimistic,4,minigrid,80357180.8815
NGA,restricted,pessimistic,5,minigrid,83178788.3463
NGA,leastcost,optimistic,1,standalone,90287053.3054
NGA,leastcost,optimistic,2,standalone,24418320.731
NGA,leastcost,optimistic,3,standalone,5982481.1847
NGA,leastcost,optimistic,4,standalone,790452.8823
NGA,leastcost,optimistic,5,standalone,49.6396
NGA,leastcost,pessimistic,1,standalone,90488153.3283
NGA,leastcost,pessimistic,2,standalone,29674346.5491
NGA,leastcost,pessimistic,3,standalone,10638869.6285
NGA,leastcost,pessimistic,4,standalone,2493158.692
NGA,leastcost,pessimistic,5,standalone,149.7591
NGA,restricted,optimistic,1,standalone,90305557.3642
NGA,restricted,optimistic,2,standalone,24609047.9192
NGA,restricted,optimistic,3,standalone,5982566.9245
NGA,restricted,optimistic,4,standalone,790452.8823
NGA,restricted,optimistic,5,standalone,49.6396
NGA,restricted,pessimistic,1,standalone,90488153.3283
NGA,restricted,pessimistic,2,standalone,37715401.4954
NGA,restricted,pessimistic,3,standalone,12378852.5397
NGA,restricted,pessimistic,4,standalone,2778267.5062
NGA,restricted,pessimistic,5,standalone,149.7591
NGA,leastcost,optimistic,1,battery_mwh,4.8139
NGA,leastcost,optimistic,2,battery_mwh,1592.8065
NGA,leastcost,optimistic,3,battery_mwh,2861.2591
NGA,leastcost,optimistic,4,battery_mwh,3969.199
NGA,leastcost,optimistic,5,battery_mwh,2967.5623
NGA,leastcost,pessimistic,1,battery_mwh,0.027
NGA,leastcost,pessimistic,2,battery_mwh,132.096
NGA,leastcost,pessimistic,3,battery_mwh,286.9163
NGA,leastcost,pessimistic,4,battery_mwh,182.4539
NGA,leastcost,pessimistic,5,battery_mwh,200.1642
NGA,restricted,optimistic,1,battery_mwh,6.2368
NGA,restricted,optimistic,2,battery_mwh,5852.3999
NGA,restricted,optimistic,3,battery_mwh,22914.0061
NGA,restricted,optimistic,4,battery_mwh,65414.9853
NGA,restricted,optimistic,5,battery_mwh,94849.0268
NGA,restricted,pessimistic,1,battery_mwh,0.0367
NGA,restricted,pessimistic,2,battery_mwh,2336.0095
NGA,restricted,pessimistic,3,battery_mwh,12759.432
NGA,restricted,pessimistic,4,battery_mwh,40943.704
NGA,restricted,pessimistic,5,battery_mwh,55614.0988
NGA,leastcost,optimistic,1,vos_investment_usd_m,-0.5052
NGA,leastcost,optimistic,2,vos_investment_usd_m,-175.818
NGA,leastcost,optimistic,3,vos_investment_usd_m,-351.5249
NGA,leastcost,optimistic,4,vos_investment_usd_m,-497.1575
NGA,leastcost,optimistic,5,vos_investment_usd_m,-399.6396
NGA,leastcost,pessimistic,1,vos_investment_usd_m,-0.0125
NGA,leastcost,pessimistic,2,vos_investment_usd_m,-41.3849
NGA,leastcost,pessimistic,3,vos_investment_usd_m,-85.2573
NGA,leastcost,pessimistic,4,vos_investment_usd_m,-54.9918
NGA,leastcost,pessimistic,5,vos_investment_usd_m,-58.566
NGA,restricted,optimistic,1,vos_investment_usd_m,-0.5166
NGA,restricted,optimistic,2,vos_investment_usd_m,-676.4548
NGA,restricted,optimistic,3,vos_investment_usd_m,-2907.2149
NGA,restricted,optimistic,4,vos_investment_usd_m,-8507.2715
NGA,restricted,optimistic,5,vos_investment_usd_m,-12943.5618
NGA,restricted,pessimistic,1,vos_investment_usd_m,-0.0116
NGA,restricted,pessimistic,2,vos_investment_usd_m,-677.4627
NGA,restricted,pessimistic,3,vos_investment_usd_m,-3460.1597
NGA,restricted,pessimistic,4,vos_investment_usd_m,-12124.3451
NGA,restricted,pessimistic,5,vos_investment_usd_m,-17304.0298
NGA,leastcost,optimistic,1,vos_fuel_savings_usd_m,1.5045
NGA,leastcost,optimistic,2,vos_fuel_savings_usd_m,507.1127
NGA,leastcost,optimistic,3,vos_fuel_savings_usd_m,855.3457
NGA,leastcost,optimistic,4,vos_fuel_savings_usd_m,1107.6809
NGA,leastcost,optimistic,5,vos_fuel_savings_usd_m,817.06
NGA,leastcost,pessimistic,1,vos_fuel_savings_usd_m,0.0139
NGA,leastcost,pessimistic,2,vos_fuel_savings_usd_m,63.2942
NGA,leastcost,pessimistic,3,vos_fuel_savings_usd_m,110.4582
NGA,leastcost,pessimistic,4,vos_fuel_savings_usd_m,67.7675
NGA,leastcost,pessimistic,5,vos_fuel_savings_usd_m,67.0602
NGA,restricted,optimistic,1,vos_fuel_savings_usd_m,1.5251
NGA,restricted,optimistic,2,vos_fuel_savings_usd_m,1922.2543
NGA,restricted,optimistic,3,vos_fuel_savings_usd_m,7001.5184
NGA,restricted,optimistic,4,vos_fuel_savings_usd_m,18313.8017
NGA,restricted,optimistic,5,vos_fuel_savings_usd_m,26606.0771
NGA,restricted,pessimistic,1,vos_fuel_savings_usd_m,0.0166
NGA,restricted,pessimistic,2,vos_fuel_savings_usd_m,1010.9725
NGA,restricted,pessimistic,3,vos_fuel_savings_usd_m,4505.1254
NGA,restricted,pessimistic,4,vos_fuel_savings_usd_m,14968.2749
NGA,restricted,pessimistic,5,vos_fuel_savings_usd_m,20756.3937
NGA,leastcost,optimistic,1,vos_om_savings_usd_m,0.2105
NGA,leastcost,optimistic,2,vos_om_savings_usd_m,50.7721
NGA,leastcost,optimistic,3,vos_om_savings_usd_m,75.5875
NGA,leastcost,optimistic,4,vos_om_savings_usd_m,96.2028
NGA,leastcost,optimistic,5,vos_om_savings_usd_m,69.9784
NGA,leastcost,pessimistic,1,vos_om_savings_usd_m,0.0024
NGA,leastcost,pessimistic,2,vos_om_savings_usd_m,6.2735
NGA,leastcost,pessimistic,3,vos_om_savings_usd_m,8.6511
NGA,leastcost,pessimistic,4,vos_om_savings_usd_m,5.3523
NGA,leastcost,pessimistic,5,vos_om_savings_usd_m,4.3983
NGA,restricted,optimistic,1,vos_om_savings_usd_m,0.2249
NGA,restricted,optimistic,2,vos_om_savings_usd_m,192.2758
NGA,restricted,optimistic,3,vos_om_savings_usd_m,626.4064
NGA,restricted,optimistic,4,vos_om_savings_usd_m,1619.6753
NGA,restricted,optimistic,5,vos_om_savings_usd_m,2194.9465
NGA,restricted,pessimistic,1,vos_om_savings_usd_m,0.0032
NGA,restricted,pessimistic,2,vos_om_savings_usd_m,89.7255
NGA,restricted,pessimistic,3,vos_om_savings_usd_m,351.7355
NGA,restricted,pessimistic,4,vos_om_savings_usd_m,993.8442
NGA,restricted,pessimistic,5,vos_om_savings_usd_m,1268.4426
NGA,leastcost,optimistic,1,vos_usd_m,1.2098
NGA,leastcost,optimistic,2,vos_usd_m,382.0668
NGA,leastcost,optimistic,3,vos_usd_m,579.4084
NGA,leastcost,optimistic,4,vos_usd_m,706.7261
NGA,leastcost,optimistic,5,vos_usd_m,487.3987
NGA,leastcost,pessimistic,1,vos_usd_m,0.0038
NGA,leastcost,pessimistic,2,vos_usd_m,28.1828
NGA,leastcost,pessimistic,3,vos_usd_m,33.92
NGA,leastcost,pessimistic,4,vos_usd_m,18.85
NGA,leastcost,pessimistic,5,vos_usd_m,14.3
NGA,restricted,optimistic,1,vos_usd_m,1.2335
NGA,restricted,optimistic,2,vos_usd_m,1438.0753
NGA,restricted,optimistic,3,vos_usd_m,4720.7099
NGA,restricted,optimistic,4,vos_usd_m,11426.2056
NGA,restricted,optimistic,5,vos_usd_m,15857.4619
NGA,restricted,pessimistic,1,vos_usd_m,0.0082
NGA,restricted,pessimistic,2,vos_usd_m,423.43
NGA,restricted,pessimistic,3,vos_usd_m,1401.79
NGA,restricted,pessimistic,4,vos_usd_m,3921.62
NGA,restricted,pessimistic,5,vos_usd_m,5008.95
SEN,leastcost,optimistic,1,existing,12355017.2513
SEN,leastcost,optimistic,2,existing,12355017.2513
SEN,leastcost,optimistic,3,existing,12355017.2513
SEN,leastcost,optimistic,4,existing,12355017.2513
SEN,leastcost,optimistic,5,existing,12355017.2513
SEN,leastcost,pessimistic,1,existing,12355017.2513
SEN,leastcost,pessimistic,2,existing,12355017.2513
SEN,leastcost,pessimistic,3,existing,12355017.2513
SEN,leastcost,pessimistic,4,existing,12355017.2513
SEN,leastcost,pessimistic,5,existing,12355017.2513
SEN,restricted,optimistic,1,existing,12355017.2513
SEN,restricted,optimistic,2,existing,12355017.2513
SEN,restricted,optimistic,3,existing,12355017.2513
SEN,restricted,optimistic,4,existing,12355017.2513
SEN,restricted,optimistic,5,existing,12355017.2513
SEN,restricted,pessimistic,1,existing,12355017.2513
SEN,restricted,pessimistic,2,existing,12355017.2513
SEN,restricted,pessimistic,3,existing,12355017.2513
SEN,restricted,pessimistic,4,existing,12355017.2513
SEN,restricted,pessimistic,5,existing,12355017.2513
SEN,leastcost,optimistic,1,grid_densification,3388972.3415
SEN,leastcost,optimistic,2,grid_densification,3388972.3415
SEN,leastcost,optimistic,3,grid_densification,3388972.3415
SEN,leastcost,optimistic,4,grid_densification,3388972.3415
SEN,leastcost,optimistic,5,grid_densification,3388972.3415
SEN,leastcost,pessimistic,1,grid_densification,3388972.3415
SEN,leastcost,pessimistic,2,grid_densification,3388972.3415
SEN,leastcost,pessimistic,3,grid_densification,3388972.3415
SEN,leastcost,pessimistic,4,grid_densification,3388972.3415
SEN,leastcost,pessimistic,5,grid_densification,3388972.3415
SEN,restricted,optimistic,1,grid_densification,3388972.3415
SEN,restricted,optimistic,2,grid_densification,3388972.3415
SEN,restricted,optimistic,3,grid_densification,3388972.3415
SEN,restricted,optimistic,4,grid_densification,3388972.3415
SEN,restricted,optimistic,5,grid_densification,3388972.3415
SEN,restricted,pessimistic,1,grid_densification,3388972.3415
SEN,restricted,pessimistic,2,grid_densification,3388972.3415
SEN,restricted,pessimistic,3,grid_densification,3388972.3415
SEN,restricted,pessimistic,4,grid_densification,3388972.3415
SEN,restricted,pessimistic,5,grid_densification,3388972.3415
SEN,leastcost,optimistic,1,grid_extension,0.0
SEN,leastcost,optimistic,2,grid_extension,455368.7226
SEN,leastcost,optimistic,3,grid_extension,1983015.3905
SEN,leastcost,optimistic,4,grid_extension,3721844.1313
SEN,leastcost,optimistic,5,grid_extension,3486547.6361
SEN,leastcost,pessimistic,1,grid_extension,0.0
SEN,leastcost,pessimistic,2,grid_extension,740503.3215
SEN,leastcost,pessimistic,3,grid_extension,3326928.6091
SEN,leastcost,pessimistic,4,grid_extension,4503519.9118
SEN,leastcost,pessimistic,5,grid_extension,4104435.952
SEN,restricted,optimistic,1,grid_extension,0.0
SEN,restricted,optimistic,2,grid_extension,475470.6428
SEN,restricted,optimistic,3,grid_extension,1873747.7486
SEN,restricted,optimistic,4,grid_extension,1895181.8916
SEN,restricted,optimistic,5,grid_extension,1895180.809
SEN,restricted,pessimistic,1,grid_extension,0.0
SEN,restricted,pessimistic,2,grid_extension,740503.3215
SEN,restricted,pessimistic,3,grid_extension,1895098.1129
SEN,restricted,pessimistic,4,grid_extension,1895164.1635
SEN,restricted,pessimistic,5,grid_extension,1895154.902
SEN,leastcost,optimistic,1,minigrid,0.0
SEN,leastcost,optimistic,2,minigrid,1376311.9186
SEN,leastcost,optimistic,3,minigrid,2384815.1203
SEN,leastcost,optimistic,4,minigrid,1429461.173
SEN,leastcost,optimistic,5,minigrid,1860246.0819
SEN,leastcost,pessimistic,1,minigrid,0.0
SEN,leastcost,pessimistic,2,minigrid,0.0
SEN,leastcost,pessimistic,3,minigrid,482314.5211
SEN,leastcost,pessimistic,4,minigrid,316810.6126
SEN,leastcost,pessimistic,5,minigrid,1205915.0298
SEN,restricted,optimistic,1,minigrid,0.0
SEN,restricted,optimistic,2,minigrid,1340946.3773
SEN,restricted,optimistic,3,minigrid,2494082.7621
SEN,restricted,optimistic,4,minigrid,3256123.4128
SEN,restricted,optimistic,5,minigrid,3451612.909
SEN,restricted,pessimistic,1,minigrid,0.0
SEN,restricted,pessimistic,2,minigrid,0.0
SEN,restricted,pessimistic,3,minigrid,1829910.9144
SEN,restricted,pessimistic,4,minigrid,2910129.3152
SEN,restricted,pessimistic,5,minigrid,3415196.0798
SEN,leastcost,optimistic,1,standalone,5381882.4071
SEN,leastcost,optimistic,2,standalone,3550201.766
SEN,leastcost,optimistic,3,standalone,1014051.8964
SEN,leastcost,optimistic,4,standalone,230577.1028
SEN,leastcost,optimistic,5,standalone,35088.6892
SEN,leastcost,pessimistic,1,standalone,5381882.4071
SEN,leastcost,pessimistic,2,standalone,4641379.0856
SEN,leastcost,pessimistic,3,standalone,1572639.277
SEN,leastcost,pessimistic,4,standalone,561551.8827
SEN,leastcost,pessimistic,5,standalone,71531.4253
SEN,restricted,optimistic,1,standalone,5381882.4071
SEN,restricted,optimistic,2,standalone,3565465.387
SEN,restricted,optimistic,3,standalone,1014051.8964
SEN,restricted,optimistic,4,standalone,230577.1028
SEN,restricted,optimistic,5,standalone,35088.6892
SEN,restricted,pessimistic,1,standalone,5381882.4071
SEN,restricted,pessimistic,2,standalone,4641379.0856
SEN,restricted,pessimistic,3,standalone,1656873.3798
SEN,restricted,pessimistic,4,standalone,576588.9284
SEN,restricted,pessimistic,5,standalone,71531.4253
SEN,leastcost,optimistic,1,battery_mwh,0.0
SEN,leastcost,optimistic,2,battery_mwh,75.4758
SEN,leastcost,optimistic,3,battery_mwh,331.2415
SEN,leastcost,optimistic,4,battery_mwh,391.9781
SEN,leastcost,optimistic,5,battery_mwh,605.7402
SEN,leastcost,pessimistic,1,battery_mwh,0.0
SEN,leastcost,pessimistic,2,battery_mwh,0.0
SEN,leastcost,pessimistic,3,battery_mwh,66.3096
SEN,leastcost,pessimistic,4,battery_mwh,59.1837
SEN,leastcost,pessimistic,5,battery_mwh,148.5931
SEN,restricted,optimistic,1,battery_mwh,0.0
SEN,restricted,optimistic,2,battery_mwh,73.8119
SEN,restricted,optimistic,3,battery_mwh,351.5542
SEN,restricted,optimistic,4,battery_mwh,1338.924
SEN,restricted,optimistic,5,battery_mwh,1828.0163
SEN,restricted,pessimistic,1,battery_mwh,0.0
SEN,restricted,pessimistic,2,battery_mwh,0.0
SEN,restricted,pessimistic,3,battery_mwh,254.8119
SEN,restricted,pessimistic,4,battery_mwh,983.0653
SEN,restricted,pessimistic,5,battery_mwh,1345.2547
SEN,leastcost,optimistic,1,vos_investment_usd_m,0.0
SEN,leastcost,optimistic,2,vos_investment_usd_m,-8.2682
SEN,leastcost,optimistic,3,vos_investment_usd_m,-40.2832
SEN,leastcost,optimistic,4,vos_investment_usd_m,-50.5571
SEN,leastcost,optimistic,5,vos_investment_usd_m,-79.6343
SEN,leastcost,pessimistic,1,vos_investment_usd_m,0.0
SEN,leastcost,pessimistic,2,vos_investment_usd_m,0.0
SEN,leastcost,pessimistic,3,vos_investment_usd_m,-20.7719
SEN,leastcost,pessimistic,4,vos_investment_usd_m,-18.9251
SEN,leastcost,pessimistic,5,vos_investment_usd_m,-47.9038
SEN,restricted,optimistic,1,vos_investment_usd_m,0.0
SEN,restricted,optimistic,2,vos_investment_usd_m,-7.6734
SEN,restricted,optimistic,3,vos_investment_usd_m,-43.5744
SEN,restricted,optimistic,4,vos_investment_usd_m,-173.9685
SEN,restricted,optimistic,5,vos_investment_usd_m,-241.9888
SEN,restricted,pessimistic,1,vos_investment_usd_m,0.0
SEN,restricted,pessimistic,2,vos_investment_usd_m,0.0
SEN,restricted,pessimistic,3,vos_investment_usd_m,-79.6682
SEN,restricted,pessimistic,4,vos_investment_usd_m,-312.8527
SEN,restricted,pessimistic,5,vos_investment_usd_m,-423.8128
SEN,leastcost,optimistic,1,vos_fuel_savings_usd_m,0.0
SEN,leastcost,optimistic,2,vos_fuel_savings_usd_m,33.6534
SEN,leastcost,optimistic,3,vos_fuel_savings_usd_m,137.5363
SEN,leastcost,optimistic,4,vos_fuel_savings_usd_m,154.798
SEN,leastcost,optimistic,5,vos_fuel_savings_usd_m,231.7088
SEN,leastcost,pessimistic,1,vos_fuel_savings_usd_m,0.0
SEN,leastcost,pessimistic,2,vos_fuel_savings_usd_m,0.0
SEN,leastcost,pessimistic,3,vos_fuel_savings_usd_m,33.0313
SEN,leastcost,pessimistic,4,vos_fuel_savings_usd_m,27.8635
SEN,leastcost,pessimistic,5,vos_fuel_savings_usd_m,67.3848
SEN,restricted,optimistic,1,vos_fuel_savings_usd_m,0.0
SEN,restricted,optimistic,2,vos_fuel_savings_usd_m,32.0856
SEN,restricted,optimistic,3,vos_fuel_savings_usd_m,146.3829
SEN,restricted,optimistic,4,vos_fuel_savings_usd_m,534.5724
SEN,restricted,optimistic,5,vos_fuel_savings_usd_m,698.6199
SEN,restricted,pessimistic,1,vos_fuel_savings_usd_m,0.0
SEN,restricted,pessimistic,2,vos_fuel_savings_usd_m,0.0
SEN,restricted,pessimistic,3,vos_fuel_savings_usd_m,126.4724
SEN,restricted,pessimistic,4,vos_fuel_savings_usd_m,458.0985
SEN,restricted,pessimistic,5,vos_fuel_savings_usd_m,600.7696
SEN,leastcost,optimistic,1,vos_om_savings_usd_m,0.0
SEN,leastcost,optimistic,2,vos_om_savings_usd_m,2.2271
SEN,leastcost,optimistic,3,vos_om_savings_usd_m,8.1117
SEN,leastcost,optimistic,4,vos_om_savings_usd_m,8.4235
SEN,leastcost,optimistic,5,vos_om_savings_usd_m,12.6665
SEN,leastcost,pessimistic,1,vos_om_savings_usd_m,0.0
SEN,leastcost,pessimistic,2,vos_om_savings_usd_m,0.0
SEN,leastcost,pessimistic,3,vos_om_savings_usd_m,1.6456
SEN,leastcost,pessimistic,4,vos_om_savings_usd_m,1.2977
SEN,leastcost,pessimistic,5,vos_om_savings_usd_m,3.1222
SEN,restricted,optimistic,1,vos_om_savings_usd_m,0.0
SEN,restricted,optimistic,2,vos_om_savings_usd_m,2.1622
SEN,restricted,optimistic,3,vos_om_savings_usd_m,8.4587
SEN,restricted,optimistic,4,vos_om_savings_usd_m,31.2101
SEN,restricted,optimistic,5,vos_om_savings_usd_m,39.3947
SEN,restricted,pessimistic,1,vos_om_savings_usd_m,0.0
SEN,restricted,pessimistic,2,vos_om_savings_usd_m,0.0
SEN,restricted,pessimistic,3,vos_om_savings_usd_m,6.4297
SEN,restricted,pessimistic,4,vos_om_savings_usd_m,22.2219
SEN,restricted,pessimistic,5,vos_om_savings_usd_m,29.7952
SEN,leastcost,optimistic,1,vos_usd_m,0.0
SEN,leastcost,optimistic,2,vos_usd_m,27.6123
SEN,leastcost,optimistic,3,vos_usd_m,105.3649
SEN,leastcost,optimistic,4,vos_usd_m,112.6644
SEN,leastcost,optimistic,5,vos_usd_m,164.741
SEN,leastcost,pessimistic,1,vos_usd_m,0.0
SEN,leastcost,pessimistic,2,vos_usd_m,0.0
SEN,leastcost,pessimistic,3,vos_usd_m,13.905
SEN,leastcost,pessimistic,4,vos_usd_m,10.2361
SEN,leastcost,pessimistic,5,vos_usd_m,22.6032
SEN,restricted,optimistic,1,vos_usd_m,0.0
SEN,restricted,optimistic,2,vos_usd_m,26.5744
SEN,restricted,optimistic,3,vos_usd_m,111.2672
SEN,restricted,optimistic,4,vos_usd_m,391.8139
SEN,restricted,optimistic,5,vos_usd_m,496.0259
SEN,restricted,pessimistic,1,vos_usd_m,0.0
SEN,restricted,pessimistic,2,vos_usd_m,0.0
SEN,restricted,pessimistic,3,vos_usd_m,53.2338
SEN,restricted,pessimistic,4,vos_usd_m,167.4677
SEN,restricted,pessimistic,5,vos_usd_m,206.76
NGA,leastcost,optimistic,1,mg_capacity_mw,1.2795
NGA,leastcost,optimistic,2,mg_capacity_mw,399.3407
NGA,leastcost,optimistic,3,mg_capacity_mw,1631.4353
NGA,leastcost,optimistic,4,mg_capacity_mw,2337.8675
NGA,leastcost,optimistic,5,mg_capacity_mw,2622.6997
NGA,leastcost,pessimistic,1,mg_capacity_mw,0.0165
NGA,leastcost,pessimistic,2,mg_capacity_mw,57.7163
NGA,leastcost,pessimistic,3,mg_capacity_mw,150.5177
NGA,leastcost,pessimistic,4,mg_capacity_mw,210.6976
NGA,leastcost,pessimistic,5,mg_capacity_mw,1410.0386
NGA,restricted,optimistic,1,mg_capacity_mw,1.5798
NGA,restricted,optimistic,2,mg_capacity_mw,1505.5125
NGA,restricted,optimistic,3,mg_capacity_mw,7098.0273
NGA,restricted,optimistic,4,mg_capacity_mw,19527.7949
NGA,restricted,optimistic,5,mg_capacity_mw,25327.366
NGA,restricted,pessimistic,1,mg_capacity_mw,0.0171
NGA,restricted,pessimistic,2,mg_capacity_mw,990.5871
NGA,restricted,pessimistic,3,mg_capacity_mw,5475.3143
NGA,restricted,pessimistic,4,mg_capacity_mw,16664.2828
NGA,restricted,pessimistic,5,mg_capacity_mw,23702.3385
BFA,leastcost,optimistic,1,mg_capacity_mw,0.0
BFA,leastcost,optimistic,2,mg_capacity_mw,91.6649
BFA,leastcost,optimistic,3,mg_capacity_mw,709.6994
BFA,leastcost,optimistic,4,mg_capacity_mw,1516.5275
BFA,leastcost,optimistic,5,mg_capacity_mw,1753.5423
BFA,leastcost,pessimistic,1,mg_capacity_mw,0.0
BFA,leastcost,pessimistic,2,mg_capacity_mw,0.36
BFA,leastcost,pessimistic,3,mg_capacity_mw,61.0421
BFA,leastcost,pessimistic,4,mg_capacity_mw,219.1686
BFA,leastcost,pessimistic,5,mg_capacity_mw,1022.7138
BFA,restricted,optimistic,1,mg_capacity_mw,0.0
BFA,restricted,optimistic,2,mg_capacity_mw,290.2018
BFA,restricted,optimistic,3,mg_capacity_mw,1721.7345
BFA,restricted,optimistic,4,mg_capacity_mw,5174.2837
BFA,restricted,optimistic,5,mg_capacity_mw,6283.1955
BFA,restricted,pessimistic,1,mg_capacity_mw,0.0
BFA,restricted,pessimistic,2,mg_capacity_mw,1.0958
BFA,restricted,pessimistic,3,mg_capacity_mw,1254.903
BFA,restricted,pessimistic,4,mg_capacity_mw,4460.6803
BFA,restricted,pessimistic,5,mg_capacity_mw,6220.6002
MLI,leastcost,optimistic,1,mg_capacity_mw,0.0
MLI,leastcost,optimistic,2,mg_capacity_mw,56.3159
MLI,leastcost,optimistic,3,mg_capacity_mw,223.4863
MLI,leastcost,optimistic,4,mg_capacity_mw,545.6359
MLI,leastcost,optimistic,5,mg_capacity_mw,773.6399
MLI,leastcost,pessimistic,1,mg_capacity_mw,0.0
MLI,leastcost,pessimistic,2,mg_capacity_mw,0.0
MLI,leastcost,pessimistic,3,mg_capacity_mw,37.2997
MLI,leastcost,pessimistic,4,mg_capacity_mw,156.9061
MLI,leastcost,pessimistic,5,mg_capacity_mw,257.8773
MLI,restricted,optimistic,1,mg_capacity_mw,0.0
MLI,restricted,optimistic,2,mg_capacity_mw,59.6558
MLI,restricted,optimistic,3,mg_capacity_mw,354.4534
MLI,restricted,optimistic,4,mg_capacity_mw,1250.6273
MLI,restricted,optimistic,5,mg_capacity_mw,1864.1206
MLI,restricted,pessimistic,1,mg_capacity_mw,0.0
MLI,restricted,pessimistic,2,mg_capacity_mw,0.3744
MLI,restricted,pessimistic,3,mg_capacity_mw,286.7394
MLI,restricted,pessimistic,4,mg_capacity_mw,1010.6015
MLI,restricted,pessimistic,5,mg_capacity_mw,1567.6792
SEN,leastcost,optimistic,1,mg_capacity_mw,0.0
SEN,leastcost,optimistic,2,mg_capacity_mw,20.3395
SEN,leastcost,optimistic,3,mg_capacity_mw,135.1822
SEN,leastcost,optimistic,4,mg_capacity_mw,221.9041
SEN,leastcost,optimistic,5,mg_capacity_mw,270.6687
SEN,leastcost,pessimistic,1,mg_capacity_mw,0.0
SEN,leastcost,pessimistic,2,mg_capacity_mw,0.0
SEN,leastcost,pessimistic,3,mg_capacity_mw,23.7616
SEN,leastcost,pessimistic,4,mg_capacity_mw,47.1921
SEN,leastcost,pessimistic,5,mg_capacity_mw,171.8372
SEN,restricted,optimistic,1,mg_capacity_mw,0.0
SEN,restricted,optimistic,2,mg_capacity_mw,19.7842
SEN,restricted,optimistic,3,mg_capacity_mw,141.0571
SEN,restricted,optimistic,4,mg_capacity_mw,481.4828
SEN,restricted,optimistic,5,mg_capacity_mw,515.5191
SEN,restricted,pessimistic,1,mg_capacity_mw,0.0
SEN,restricted,pessimistic,2,mg_capacity_mw,0.0
SEN,restricted,pessimistic,3,mg_capacity_mw,89.4983
SEN,restricted,pessimistic,4,mg_capacity_mw,390.6071
SEN,restricted,pessimistic,5,mg_capacity_mw,508.7736
