country,scenario,multiplier,metric,value
BFA,Baseline (1.0x),1.0,diesel_price_usd_l,0.86
BFA,Baseline (1.0x),1.0,battery_mwh,6201.0
BFA,Baseline (1.0x),1.0,battery_investment_usd_m,847.8
BFA,Baseline (1.0x),1.0,vos_usd_m,1711.6
BFA,Baseline (1.0x),1.0,total_investment_usd_m,5022.8
BFA,Baseline (1.0x),1.0,lcoe_hybrid_usd_kwh,0.204
BFA,Baseline (1.0x),1.0,fuel_exposure_pct,48.1
BFA,Baseline (1.0x),1.0,battery_leverage,2.74
BFA,Baseline (1.0x),1.0,renewable_share_pct,96.0
BFA,Baseline (1.0x),1.0,vos_vs_baseline_pct,0.0
BFA,Baseline (1.0x),1.0,vos_ratio,1.0
BFA,+10% (1.1x),1.1,diesel_price_usd_l,0.95
BFA,+10% (1.1x),1.1,battery_mwh,5555.0
BFA,+10% (1.1x),1.1,battery_investment_usd_m,832.9
BFA,+10% (1.1x),1.1,vos_usd_m,1816.2
BFA,+10% (1.1x),1.1,total_investment_usd_m,5012.2
BFA,+10% (1.1x),1.1,lcoe_hybrid_usd_kwh,0.207
BFA,+10% (1.1x),1.1,fuel_exposure_pct,49.1
BFA,+10% (1.1x),1.1,battery_leverage,2.69
BFA,+10% (1.1x),1.1,renewable_share_pct,91.0
BFA,+10% (1.1x),1.1,vos_vs_baseline_pct,6.1
BFA,+10% (1.1x),1.1,vos_ratio,1.06
BFA,+25% (1.25x),1.25,diesel_price_usd_l,1.08
BFA,+25% (1.25x),1.25,battery_mwh,5949.0
BFA,+25% (1.25x),1.25,battery_investment_usd_m,882.1
BFA,+25% (1.25x),1.25,vos_usd_m,2116.7
BFA,+25% (1.25x),1.25,total_investment_usd_m,5060.1
BFA,+25% (1.25x),1.25,lcoe_hybrid_usd_kwh,0.21
BFA,+25% (1.25x),1.25,fuel_exposure_pct,55.1
BFA,+25% (1.25x),1.25,battery_leverage,3.03
BFA,+25% (1.25x),1.25,renewable_share_pct,95.9
BFA,+25% (1.25x),1.25,vos_vs_baseline_pct,23.7
BFA,+25% (1.25x),1.25,vos_ratio,1.24
BFA,+50% (1.5x),1.5,diesel_price_usd_l,1.29
BFA,+50% (1.5x),1.5,battery_mwh,5835.0
BFA,+50% (1.5x),1.5,battery_investment_usd_m,901.5
BFA,+50% (1.5x),1.5,vos_usd_m,2688.6
BFA,+50% (1.5x),1.5,total_investment_usd_m,5089.2
BFA,+50% (1.5x),1.5,lcoe_hybrid_usd_kwh,0.216
BFA,+50% (1.5x),1.5,fuel_exposure_pct,68.5
BFA,+50% (1.5x),1.5,battery_leverage,3.71
BFA,+50% (1.5x),1.5,renewable_share_pct,96.0
BFA,+50% (1.5x),1.5,vos_vs_baseline_pct,57.1
BFA,+50% (1.5x),1.5,vos_ratio,1.57
BFA,+75% (1.75x),1.75,diesel_price_usd_l,1.51
BFA,+75% (1.75x),1.75,battery_mwh,6130.0
BFA,+75% (1.75x),1.75,battery_investment_usd_m,877.5
BFA,+75% (1.75x),1.75,vos_usd_m,3209.5
BFA,+75% (1.75x),1.75,total_investment_usd_m,5079.7
BFA,+75% (1.75x),1.75,lcoe_hybrid_usd_kwh,0.222
BFA,+75% (1.75x),1.75,fuel_exposure_pct,77.5
BFA,+75% (1.75x),1.75,battery_leverage,4.36
BFA,+75% (1.75x),1.75,renewable_share_pct,97.1
BFA,+75% (1.75x),1.75,vos_vs_baseline_pct,87.5
BFA,+75% (1.75x),1.75,vos_ratio,1.88
BFA,+100% (2.0x),2.0,diesel_price_usd_l,1.72
BFA,+100% (2.0x),2.0,battery_mwh,6547.0
BFA,+100% (2.0x),2.0,battery_investment_usd_m,835.1
BFA,+100% (2.0x),2.0,vos_usd_m,3820.6
BFA,+100% (2.0x),2.0,total_investment_usd_m,5035.9
BFA,+100% (2.0x),2.0,lcoe_hybrid_usd_kwh,0.228
BFA,+100% (2.0x),2.0,fuel_exposure_pct,87.3
BFA,+100% (2.0x),2.0,battery_leverage,5.1
BFA,+100% (2.0x),2.0,renewable_share_pct,96.9
BFA,+100% (2.0x),2.0,vos_vs_baseline_pct,123.2
BFA,+100% (2.0x),2.0,vos_ratio,2.23
MLI,Baseline (1.0x),1.0,diesel_price_usd_l,0.98
MLI,Baseline (1.0x),1.0,battery_mwh,1176.0
MLI,Baseline (1.0x),1.0,battery_investment_usd_m,174.4
MLI,Baseline (1.0x),1.0,vos_usd_m,375.4
MLI,Baseline (1.0x),1.0,total_investment_usd_m,2071.5
MLI,Baseline (1.0x),1.0,lcoe_hybrid_usd_kwh,0.211
MLI,Baseline (1.0x),1.0,fuel_exposure_pct,25.4
MLI,Baseline (1.0x),1.0,battery_leverage,2.85
MLI,Baseline (1.0x),1.0,renewable_share_pct,94.4
MLI,Baseline (1.0x),1.0,vos_vs_baseline_pct,0.0
MLI,Baseline (1.0x),1.0,vos_ratio,1.0
MLI,+10% (1.1x),1.1,diesel_price_usd_l,1.08
MLI,+10% (1.1x),1.1,battery_mwh,1198.0
MLI,+10% (1.1x),1.1,battery_investment_usd_m,174.7
MLI,+10% (1.1x),1.1,vos_usd_m,434.2
MLI,+10% (1.1x),1.1,total_investment_usd_m,2074.3
MLI,+10% (1.1x),1.1,lcoe_hybrid_usd_kwh,0.213
MLI,+10% (1.1x),1.1,fuel_exposure_pct,28.1
MLI,+10% (1.1x),1.1,battery_leverage,3.17
MLI,+10% (1.1x),1.1,renewable_share_pct,95.1
MLI,+10% (1.1x),1.1,vos_vs_baseline_pct,15.7
MLI,+10% (1.1x),1.1,vos_ratio,1.16
MLI,+25% (1.25x),1.25,diesel_price_usd_l,1.23
MLI,+25% (1.25x),1.25,battery_mwh,1232.0
MLI,+25% (1.25x),1.25,battery_investment_usd_m,173.6
MLI,+25% (1.25x),1.25,vos_usd_m,509.2
MLI,+25% (1.25x),1.25,total_investment_usd_m,2075.0
MLI,+25% (1.25x),1.25,lcoe_hybrid_usd_kwh,0.216
MLI,+25% (1.25x),1.25,fuel_exposure_pct,31.6
MLI,+25% (1.25x),1.25,battery_leverage,3.61
MLI,+25% (1.25x),1.25,renewable_share_pct,95.6
MLI,+25% (1.25x),1.25,vos_vs_baseline_pct,35.6
MLI,+25% (1.25x),1.25,vos_ratio,1.36
MLI,+50% (1.5x),1.5,diesel_price_usd_l,1.47
MLI,+50% (1.5x),1.5,battery_mwh,1262.0
MLI,+50% (1.5x),1.5,battery_investment_usd_m,173.1
MLI,+50% (1.5x),1.5,vos_usd_m,645.1
MLI,+50% (1.5x),1.5,total_investment_usd_m,2076.4
MLI,+50% (1.5x),1.5,lcoe_hybrid_usd_kwh,0.221
MLI,+50% (1.5x),1.5,fuel_exposure_pct,37.9
MLI,+50% (1.5x),1.5,battery_leverage,4.37
MLI,+50% (1.5x),1.5,renewable_share_pct,96.2
MLI,+50% (1.5x),1.5,vos_vs_baseline_pct,71.8
MLI,+50% (1.5x),1.5,vos_ratio,1.72
MLI,+75% (1.75x),1.75,diesel_price_usd_l,1.72
MLI,+75% (1.75x),1.75,battery_mwh,1303.0
MLI,+75% (1.75x),1.75,battery_investment_usd_m,171.1
MLI,+75% (1.75x),1.75,vos_usd_m,779.1
MLI,+75% (1.75x),1.75,total_investment_usd_m,2076.3
MLI,+75% (1.75x),1.75,lcoe_hybrid_usd_kwh,0.227
MLI,+75% (1.75x),1.75,fuel_exposure_pct,44.3
MLI,+75% (1.75x),1.75,battery_leverage,5.19
MLI,+75% (1.75x),1.75,renewable_share_pct,96.6
MLI,+75% (1.75x),1.75,vos_vs_baseline_pct,107.5
MLI,+75% (1.75x),1.75,vos_ratio,2.08
MLI,+100% (2.0x),2.0,diesel_price_usd_l,1.96
MLI,+100% (2.0x),2.0,battery_mwh,1316.0
MLI,+100% (2.0x),2.0,battery_investment_usd_m,170.5
MLI,+100% (2.0x),2.0,vos_usd_m,895.3
MLI,+100% (2.0x),2.0,total_investment_usd_m,2078.6
MLI,+100% (2.0x),2.0,lcoe_hybrid_usd_kwh,0.232
MLI,+100% (2.0x),2.0,fuel_exposure_pct,50.0
MLI,+100% (2.0x),2.0,battery_leverage,5.89
MLI,+100% (2.0x),2.0,renewable_share_pct,96.6
MLI,+100% (2.0x),2.0,vos_vs_baseline_pct,138.5
MLI,+100% (2.0x),2.0,vos_ratio,2.38
NGA,Baseline (1.0x),1.0,diesel_price_usd_l,0.64
NGA,Baseline (1.0x),1.0,battery_mwh,24828.0
NGA,Baseline (1.0x),1.0,battery_investment_usd_m,3983.9
NGA,Baseline (1.0x),1.0,vos_usd_m,4891.0
NGA,Baseline (1.0x),1.0,total_investment_usd_m,18520.9
NGA,Baseline (1.0x),1.0,lcoe_hybrid_usd_kwh,0.194
NGA,Baseline (1.0x),1.0,fuel_exposure_pct,47.0
NGA,Baseline (1.0x),1.0,battery_leverage,1.94
NGA,Baseline (1.0x),1.0,renewable_share_pct,88.9
NGA,Baseline (1.0x),1.0,vos_vs_baseline_pct,0.0
NGA,Baseline (1.0x),1.0,vos_ratio,1.0
NGA,+10% (1.1x),1.1,diesel_price_usd_l,0.7
NGA,+10% (1.1x),1.1,battery_mwh,26527.0
NGA,+10% (1.1x),1.1,battery_investment_usd_m,4208.7
NGA,+10% (1.1x),1.1,vos_usd_m,5808.2
NGA,+10% (1.1x),1.1,total_investment_usd_m,18740.7
NGA,+10% (1.1x),1.1,lcoe_hybrid_usd_kwh,0.196
NGA,+10% (1.1x),1.1,fuel_exposure_pct,49.3
NGA,+10% (1.1x),1.1,battery_leverage,2.03
NGA,+10% (1.1x),1.1,renewable_share_pct,92.5
NGA,+10% (1.1x),1.1,vos_vs_baseline_pct,18.8
NGA,+10% (1.1x),1.1,vos_ratio,1.19
NGA,+25% (1.25x),1.25,diesel_price_usd_l,0.8
NGA,+25% (1.25x),1.25,battery_mwh,27498.0
NGA,+25% (1.25x),1.25,battery_investment_usd_m,4105.0
NGA,+25% (1.25x),1.25,vos_usd_m,7082.5
NGA,+25% (1.25x),1.25,total_investment_usd_m,18668.9
NGA,+25% (1.25x),1.25,lcoe_hybrid_usd_kwh,0.198
NGA,+25% (1.25x),1.25,fuel_exposure_pct,56.4
NGA,+25% (1.25x),1.25,battery_leverage,2.38
NGA,+25% (1.25x),1.25,renewable_share_pct,92.8
NGA,+25% (1.25x),1.25,vos_vs_baseline_pct,44.8
NGA,+25% (1.25x),1.25,vos_ratio,1.45
NGA,+50% (1.5x),1.5,diesel_price_usd_l,0.96
NGA,+50% (1.5x),1.5,battery_mwh,28669.0
NGA,+50% (1.5x),1.5,battery_investment_usd_m,4305.9
NGA,+50% (1.5x),1.5,vos_usd_m,9374.5
NGA,+50% (1.5x),1.5,total_investment_usd_m,18866.0
NGA,+50% (1.5x),1.5,lcoe_hybrid_usd_kwh,0.203
NGA,+50% (1.5x),1.5,fuel_exposure_pct,68.2
NGA,+50% (1.5x),1.5,battery_leverage,2.86
NGA,+50% (1.5x),1.5,renewable_share_pct,95.8
NGA,+50% (1.5x),1.5,vos_vs_baseline_pct,91.7
NGA,+50% (1.5x),1.5,vos_ratio,1.92
NGA,+75% (1.75x),1.75,diesel_price_usd_l,1.12
NGA,+75% (1.75x),1.75,battery_mwh,29167.0
NGA,+75% (1.75x),1.75,battery_investment_usd_m,4293.3
NGA,+75% (1.75x),1.75,vos_usd_m,11264.3
NGA,+75% (1.75x),1.75,total_investment_usd_m,18859.1
NGA,+75% (1.75x),1.75,lcoe_hybrid_usd_kwh,0.206
NGA,+75% (1.75x),1.75,fuel_exposure_pct,76.7
NGA,+75% (1.75x),1.75,battery_leverage,3.24
NGA,+75% (1.75x),1.75,renewable_share_pct,96.3
NGA,+75% (1.75x),1.75,vos_vs_baseline_pct,130.3
NGA,+75% (1.75x),1.75,vos_ratio,2.3
NGA,+100% (2.0x),2.0,diesel_price_usd_l,1.28
NGA,+100% (2.0x),2.0,battery_mwh,30091.0
NGA,+100% (2.0x),2.0,battery_investment_usd_m,4271.7
NGA,+100% (2.0x),2.0,vos_usd_m,13203.7
NGA,+100% (2.0x),2.0,total_investment_usd_m,18869.5
NGA,+100% (2.0x),2.0,lcoe_hybrid_usd_kwh,0.211
NGA,+100% (2.0x),2.0,fuel_exposure_pct,86.9
NGA,+100% (2.0x),2.0,battery_leverage,3.72
NGA,+100% (2.0x),2.0,renewable_share_pct,96.9
NGA,+100% (2.0x),2.0,vos_vs_baseline_pct,170.0
NGA,+100% (2.0x),2.0,vos_ratio,2.7
SEN,Baseline (1.0x),1.0,diesel_price_usd_l,0.97
SEN,Baseline (1.0x),1.0,battery_mwh,727.0
SEN,Baseline (1.0x),1.0,battery_investment_usd_m,107.5
SEN,Baseline (1.0x),1.0,vos_usd_m,228.2
SEN,Baseline (1.0x),1.0,total_investment_usd_m,874.5
SEN,Baseline (1.0x),1.0,lcoe_hybrid_usd_kwh,0.211
SEN,Baseline (1.0x),1.0,fuel_exposure_pct,37.3
SEN,Baseline (1.0x),1.0,battery_leverage,2.82
SEN,Baseline (1.0x),1.0,renewable_share_pct,92.8
SEN,Baseline (1.0x),1.0,vos_vs_baseline_pct,0.0
SEN,Baseline (1.0x),1.0,vos_ratio,1.0
SEN,+10% (1.1x),1.1,diesel_price_usd_l,1.07
SEN,+10% (1.1x),1.1,battery_mwh,749.0
SEN,+10% (1.1x),1.1,battery_investment_usd_m,106.5
SEN,+10% (1.1x),1.1,vos_usd_m,259.2
SEN,+10% (1.1x),1.1,total_investment_usd_m,876.3
SEN,+10% (1.1x),1.1,lcoe_hybrid_usd_kwh,0.214
SEN,+10% (1.1x),1.1,fuel_exposure_pct,40.6
SEN,+10% (1.1x),1.1,battery_leverage,3.12
SEN,+10% (1.1x),1.1,renewable_share_pct,93.2
SEN,+10% (1.1x),1.1,vos_vs_baseline_pct,13.6
SEN,+10% (1.1x),1.1,vos_ratio,1.14
SEN,+25% (1.25x),1.25,diesel_price_usd_l,1.21
SEN,+25% (1.25x),1.25,battery_mwh,755.0
SEN,+25% (1.25x),1.25,battery_investment_usd_m,107.6
SEN,+25% (1.25x),1.25,vos_usd_m,308.2
SEN,+25% (1.25x),1.25,total_investment_usd_m,876.2
SEN,+25% (1.25x),1.25,lcoe_hybrid_usd_kwh,0.218
SEN,+25% (1.25x),1.25,fuel_exposure_pct,46.3
SEN,+25% (1.25x),1.25,battery_leverage,3.54
SEN,+25% (1.25x),1.25,renewable_share_pct,94.0
SEN,+25% (1.25x),1.25,vos_vs_baseline_pct,35.1
SEN,+25% (1.25x),1.25,vos_ratio,1.35
SEN,+50% (1.5x),1.5,diesel_price_usd_l,1.46
SEN,+50% (1.5x),1.5,battery_mwh,777.0
SEN,+50% (1.5x),1.5,battery_investment_usd_m,106.2
SEN,+50% (1.5x),1.5,vos_usd_m,383.1
SEN,+50% (1.5x),1.5,total_investment_usd_m,877.7
SEN,+50% (1.5x),1.5,lcoe_hybrid_usd_kwh,0.224
SEN,+50% (1.5x),1.5,fuel_exposure_pct,54.8
SEN,+50% (1.5x),1.5,battery_leverage,4.27
SEN,+50% (1.5x),1.5,renewable_share_pct,94.3
SEN,+50% (1.5x),1.5,vos_vs_baseline_pct,67.9
SEN,+50% (1.5x),1.5,vos_ratio,1.68
SEN,+75% (1.75x),1.75,diesel_price_usd_l,1.7
SEN,+75% (1.75x),1.75,battery_mwh,799.0
SEN,+75% (1.75x),1.75,battery_investment_usd_m,105.5
SEN,+75% (1.75x),1.75,vos_usd_m,460.6
SEN,+75% (1.75x),1.75,total_investment_usd_m,882.3
SEN,+75% (1.75x),1.75,lcoe_hybrid_usd_kwh,0.231
SEN,+75% (1.75x),1.75,fuel_exposure_pct,63.5
SEN,+75% (1.75x),1.75,battery_leverage,5.02
SEN,+75% (1.75x),1.75,renewable_share_pct,94.6
SEN,+75% (1.75x),1.75,vos_vs_baseline_pct,101.9
SEN,+75% (1.75x),1.75,vos_ratio,2.02
SEN,+100% (2.0x),2.0,diesel_price_usd_l,1.94
SEN,+100% (2.0x),2.0,battery_mwh,816.0
SEN,+100% (2.0x),2.0,battery_investment_usd_m,104.4
SEN,+100% (2.0x),2.0,vos_usd_m,535.1
SEN,+100% (2.0x),2.0,total_investment_usd_m,885.0
SEN,+100% (2.0x),2.0,lcoe_hybrid_usd_kwh,0.238
SEN,+100% (2.0x),2.0,fuel_exposure_pct,71.9
SEN,+100% (2.0x),2.0,battery_leverage,5.77
SEN,+100% (2.0x),2.0,renewable_share_pct,94.8
SEN,+100% (2.0x),2.0,vos_vs_baseline_pct,134.5
SEN,+100% (2.0x),2.0,vos_ratio,2.35
